ID,Target Pressure (bar)
0,0.23080856267284555
1,0.23080856267284555
2,0.23080856267284555
3,0.23080856267284555
4,0.23080856267284555
5,0.23080856267284555
6,0.23080856267284555
7,0.23080856267284555
8,0.23080856267284555
9,1.1754432464568043
10,1.1754432464568043
11,1.1754432464568043
12,1.1754432464568043
13,1.1754432464568043
14,1.1754432464568043
15,1.1754432464568043
16,1.1754432464568043
17,1.1754432464568043
18,0.8815233651142765
19,0.8815233651142765
20,0.8815233651142765
21,0.467994815873289
22,0.467994815873289
23,0.467994815873289
24,0.3454888688624347
25,0.3454888688624347
26,0.3454888688624347
27,0.0635149465465985
28,0.0635149465465985
29,0.0635149465465985
30,0.0635149465465985
31,0.0635149465465985
32,0.0635149465465985
33,0.0635149465465985
34,0.0635149465465985
35,0.0635149465465985
36,0.3639264084499542
37,0.3639264084499542
38,0.3639264084499542
39,0.3639264084499542
40,0.3639264084499542
41,0.3639264084499542
42,0.3639264084499542
43,0.3639264084499542
44,0.3639264084499542
45,0.23160877132181754
46,0.23160877132181754
47,0.23160877132181754
48,0.09306053034601461
49,0.09306053034601461
50,0.09306053034601461
51,0.08842051559017992
52,0.08842051559017992
53,0.08842051559017992
54,0.09716332210471694
55,0.09716332210471694
56,0.09716332210471694
57,0.09716332210471694
58,0.09716332210471694
59,0.09716332210471694
60,0.09716332210471694
61,0.09716332210471694
62,0.09716332210471694
63,0.41217082635617847
64,0.41217082635617847
65,0.41217082635617847
66,0.41217082635617847
67,0.41217082635617847
68,0.41217082635617847
69,0.41217082635617847
70,0.41217082635617847
71,0.41217082635617847
72,0.29149778753349753
73,0.29149778753349753
74,0.29149778753349753
75,0.15977381117477948
76,0.15977381117477948
77,0.15977381117477948
78,0.1584029977109897
79,0.1584029977109897
80,0.1584029977109897
81,0.06868824528768493
82,0.06868824528768493
83,0.06868824528768493
84,0.06868824528768493
85,0.06868824528768493
86,0.06868824528768493
87,0.06868824528768493
88,0.06868824528768493
89,0.06868824528768493
90,0.32184806591806225
91,0.32184806591806225
92,0.32184806591806225
93,0.32184806591806225
94,0.32184806591806225
95,0.32184806591806225
96,0.32184806591806225
97,0.32184806591806225
98,0.32184806591806225
99,0.2533112195031217
100,0.2533112195031217
101,0.2533112195031217
102,0.11015210725174342
103,0.11015210725174342
104,0.11015210725174342
105,0.0943863710743932
106,0.0943863710743932
107,0.0943863710743932
108,0.12217883903645399
109,0.12217883903645399
110,0.12217883903645399
111,0.12217883903645399
112,0.12217883903645399
113,0.12217883903645399
114,0.12217883903645399
115,0.12217883903645399
116,0.12217883903645399
117,0.5591499676392517
118,0.5591499676392517
119,0.5591499676392517
120,0.5591499676392517
121,0.5591499676392517
122,0.5591499676392517
123,0.5591499676392517
124,0.5591499676392517
125,0.5591499676392517
126,0.37604236803961744
127,0.37604236803961744
128,0.37604236803961744
129,0.21484252308348503
130,0.21484252308348503
131,0.21484252308348503
132,0.18158964409886472
133,0.18158964409886472
134,0.18158964409886472
135,0.09330776695542531
136,0.09330776695542531
137,0.09330776695542531
138,0.09330776695542531
139,0.09330776695542531
140,0.09330776695542531
141,0.09330776695542531
142,0.09330776695542531
143,0.09330776695542531
144,0.5350701256038234
145,0.5350701256038234
146,0.5350701256038234
147,0.5350701256038234
148,0.5350701256038234
149,0.5350701256038234
150,0.5350701256038234
151,0.5350701256038234
152,0.5350701256038234
153,0.2978939733418219
154,0.2978939733418219
155,0.2978939733418219
156,0.16860674970526815
157,0.16860674970526815
158,0.16860674970526815
159,0.17058790407812907
160,0.17058790407812907
161,0.17058790407812907
162,0.09811913197807602
163,0.09811913197807602
164,0.09811913197807602
165,0.09811913197807602
166,0.09811913197807602
167,0.09811913197807602
168,0.09811913197807602
169,0.09811913197807602
170,0.09811913197807602
171,0.4108718874157755
172,0.4108718874157755
173,0.4108718874157755
174,0.4108718874157755
175,0.4108718874157755
176,0.4108718874157755
177,0.4108718874157755
178,0.4108718874157755
179,0.4108718874157755
180,0.33474625435354677
181,0.33474625435354677
182,0.33474625435354677
183,0.12648460725880434
184,0.12648460725880434
185,0.12648460725880434
186,0.1484591278549823
187,0.1484591278549823
188,0.1484591278549823
189,0.07275726516156251
190,0.07275726516156251
191,0.07275726516156251
192,0.07275726516156251
193,0.07275726516156251
194,0.07275726516156251
195,0.07275726516156251
196,0.07275726516156251
197,0.07275726516156251
198,0.310255329796221
199,0.310255329796221
200,0.310255329796221
201,0.310255329796221
202,0.310255329796221
203,0.310255329796221
204,0.310255329796221
205,0.310255329796221
206,0.310255329796221
207,0.2275844300248473
208,0.2275844300248473
209,0.2275844300248473
210,0.12071329249349189
211,0.12071329249349189
212,0.12071329249349189
213,0.11884494379470745
214,0.11884494379470745
215,0.11884494379470745
216,0.13156095269950288
217,0.13156095269950288
218,0.13156095269950288
219,0.13156095269950288
220,0.13156095269950288
221,0.13156095269950288
222,0.13156095269950288
223,0.13156095269950288
224,0.13156095269950288
225,0.49302453562163245
226,0.49302453562163245
227,0.49302453562163245
228,0.49302453562163245
229,0.49302453562163245
230,0.49302453562163245
231,0.49302453562163245
232,0.49302453562163245
233,0.49302453562163245
234,0.3922016196034871
235,0.3922016196034871
236,0.3922016196034871
237,0.24289986868433033
238,0.24289986868433033
239,0.24289986868433033
240,0.21465596872881013
241,0.21465596872881013
242,0.21465596872881013
243,0.1936178407140822
244,0.1936178407140822
245,0.1936178407140822
246,0.1936178407140822
247,0.1936178407140822
248,0.1936178407140822
249,0.1936178407140822
250,0.1936178407140822
251,0.1936178407140822
252,0.9758970891561609
253,0.9758970891561609
254,0.9758970891561609
255,0.9758970891561609
256,0.9758970891561609
257,0.9758970891561609
258,0.9758970891561609
259,0.9758970891561609
260,0.9758970891561609
261,0.5826873059616241
262,0.5826873059616241
263,0.5826873059616241
264,0.3220310231024727
265,0.3220310231024727
266,0.3220310231024727
267,0.28498748615100433
268,0.28498748615100433
269,0.28498748615100433
270,0.08377978813743671
271,0.08377978813743671
272,0.08377978813743671
273,0.08377978813743671
274,0.08377978813743671
275,0.08377978813743671
276,0.08377978813743671
277,0.08377978813743671
278,0.08377978813743671
279,0.4211323514968197
280,0.4211323514968197
281,0.4211323514968197
282,0.4211323514968197
283,0.4211323514968197
284,0.4211323514968197
285,0.4211323514968197
286,0.4211323514968197
287,0.4211323514968197
288,0.2514887203964434
289,0.2514887203964434
290,0.2514887203964434
291,0.18602323166750648
292,0.18602323166750648
293,0.18602323166750648
294,0.19820162675952638
295,0.19820162675952638
296,0.19820162675952638
297,0.0943418599971805
298,0.0943418599971805
299,0.0943418599971805
300,0.0943418599971805
301,0.0943418599971805
302,0.0943418599971805
303,0.0943418599971805
304,0.0943418599971805
305,0.0943418599971805
306,0.34273043266062586
307,0.34273043266062586
308,0.34273043266062586
309,0.34273043266062586
310,0.34273043266062586
311,0.34273043266062586
312,0.34273043266062586
313,0.34273043266062586
314,0.34273043266062586
315,0.23035330670013987
316,0.23035330670013987
317,0.23035330670013987
318,0.1610611139708453
319,0.1610611139708453
320,0.1610611139708453
321,0.1746929848040257
322,0.1746929848040257
323,0.1746929848040257
324,0.12126794769396786
325,0.12126794769396786
326,0.12126794769396786
327,0.12126794769396786
328,0.12126794769396786
329,0.12126794769396786
330,0.12126794769396786
331,0.12126794769396786
332,0.12126794769396786
333,0.4387595585802763
334,0.4387595585802763
335,0.4387595585802763
336,0.4387595585802763
337,0.4387595585802763
338,0.4387595585802763
339,0.4387595585802763
340,0.4387595585802763
341,0.4387595585802763
342,0.3464664479939979
343,0.3464664479939979
344,0.3464664479939979
345,0.2355346688898602
346,0.2355346688898602
347,0.2355346688898602
348,0.18442004442352083
349,0.18442004442352083
350,0.18442004442352083
351,0.129747854050529
352,0.129747854050529
353,0.129747854050529
354,0.129747854050529
355,0.129747854050529
356,0.129747854050529
357,0.129747854050529
358,0.129747854050529
359,0.129747854050529
360,0.5548923424312154
361,0.5548923424312154
362,0.5548923424312154
363,0.5548923424312154
364,0.5548923424312154
365,0.5548923424312154
366,0.5548923424312154
367,0.5548923424312154
368,0.5548923424312154
369,0.403588855083242
370,0.403588855083242
371,0.403588855083242
372,0.1440402672635642
373,0.1440402672635642
374,0.1440402672635642
375,0.1806982197188752
376,0.1806982197188752
377,0.1806982197188752
378,0.08106826332218893
379,0.08106826332218893
380,0.08106826332218893
381,0.08106826332218893
382,0.08106826332218893
383,0.08106826332218893
384,0.08106826332218893
385,0.08106826332218893
386,0.08106826332218893
387,0.3853864432312449
388,0.3853864432312449
389,0.3853864432312449
390,0.3853864432312449
391,0.3853864432312449
392,0.3853864432312449
393,0.3853864432312449
394,0.3853864432312449
395,0.3853864432312449
396,0.24943321315739653
397,0.24943321315739653
398,0.24943321315739653
399,0.14468684581151087
400,0.14468684581151087
401,0.14468684581151087
402,0.13273798318777089
403,0.13273798318777089
404,0.13273798318777089
405,0.08771557808125786
406,0.08771557808125786
407,0.08771557808125786
408,0.08771557808125786
409,0.08771557808125786
410,0.08771557808125786
411,0.08771557808125786
412,0.08771557808125786
413,0.08771557808125786
414,0.40962102955345747
415,0.40962102955345747
416,0.40962102955345747
417,0.40962102955345747
418,0.40962102955345747
419,0.40962102955345747
420,0.40962102955345747
421,0.40962102955345747
422,0.40962102955345747
423,0.2759725549922358
424,0.2759725549922358
425,0.2759725549922358
426,0.15050486689632897
427,0.15050486689632897
428,0.15050486689632897
429,0.15699250131529585
430,0.15699250131529585
431,0.15699250131529585
432,0.10686608086642851
433,0.10686608086642851
434,0.10686608086642851
435,0.10686608086642851
436,0.10686608086642851
437,0.10686608086642851
438,0.10686608086642851
439,0.10686608086642851
440,0.10686608086642851
441,0.49835642775329614
442,0.49835642775329614
443,0.49835642775329614
444,0.49835642775329614
445,0.49835642775329614
446,0.49835642775329614
447,0.49835642775329614
448,0.49835642775329614
449,0.49835642775329614
450,0.31277199382722304
451,0.31277199382722304
452,0.31277199382722304
453,0.18573783940634775
454,0.18573783940634775
455,0.18573783940634775
456,0.19855161493210194
457,0.19855161493210194
458,0.19855161493210194
459,0.07311260281810733
460,0.07311260281810733
461,0.07311260281810733
462,0.07311260281810733
463,0.07311260281810733
464,0.07311260281810733
465,0.07311260281810733
466,0.07311260281810733
467,0.07311260281810733
468,0.3590333970059139
469,0.3590333970059139
470,0.3590333970059139
471,0.3590333970059139
472,0.3590333970059139
473,0.3590333970059139
474,0.3590333970059139
475,0.3590333970059139
476,0.3590333970059139
477,0.21536685878107995
478,0.21536685878107995
479,0.21536685878107995
480,0.10673303487185261
481,0.10673303487185261
482,0.10673303487185261
483,0.1097269986950341
484,0.1097269986950341
485,0.1097269986950341
486,0.08256608429157655
487,0.08256608429157655
488,0.08256608429157655
489,0.08256608429157655
490,0.08256608429157655
491,0.08256608429157655
492,0.08256608429157655
493,0.08256608429157655
494,0.08256608429157655
495,0.40968306569579627
496,0.40968306569579627
497,0.40968306569579627
498,0.40968306569579627
499,0.40968306569579627
500,0.40968306569579627
501,0.40968306569579627
502,0.40968306569579627
503,0.40968306569579627
504,0.31284403243666314
505,0.31284403243666314
506,0.31284403243666314
507,0.1528891902736304
508,0.1528891902736304
509,0.1528891902736304
510,0.15704506784119984
511,0.15704506784119984
512,0.15704506784119984
513,0.06856400840363018
514,0.06856400840363018
515,0.06856400840363018
516,0.06856400840363018
517,0.06856400840363018
518,0.06856400840363018
519,0.06856400840363018
520,0.06856400840363018
521,0.06856400840363018
522,0.2901126505932556
523,0.2901126505932556
524,0.2901126505932556
525,0.2901126505932556
526,0.2901126505932556
527,0.2901126505932556
528,0.2901126505932556
529,0.2901126505932556
530,0.2901126505932556
531,0.2154944352389128
532,0.2154944352389128
533,0.2154944352389128
534,0.11309419684040116
535,0.11309419684040116
536,0.11309419684040116
537,0.10871431062647971
538,0.10871431062647971
539,0.10871431062647971
540,0.08326079818117298
541,0.08326079818117298
542,0.08326079818117298
543,0.08326079818117298
544,0.08326079818117298
545,0.08326079818117298
546,0.08326079818117298
547,0.08326079818117298
548,0.08326079818117298
549,0.3534290349267636
550,0.3534290349267636
551,0.3534290349267636
552,0.3534290349267636
553,0.3534290349267636
554,0.3534290349267636
555,0.3534290349267636
556,0.3534290349267636
557,0.3534290349267636
558,0.24082411090770048
559,0.24082411090770048
560,0.24082411090770048
561,0.1514839671772982
562,0.1514839671772982
563,0.1514839671772982
564,0.14994080805889393
565,0.14994080805889393
566,0.14994080805889393
567,0.05982659206495338
568,0.05982659206495338
569,0.05982659206495338
570,0.05982659206495338
571,0.05982659206495338
572,0.05982659206495338
573,0.05982659206495338
574,0.05982659206495338
575,0.05982659206495338
576,0.2917144869039762
577,0.2917144869039762
578,0.2917144869039762
579,0.2917144869039762
580,0.2917144869039762
581,0.2917144869039762
582,0.2917144869039762
583,0.2917144869039762
584,0.2917144869039762
585,0.22135588369121748
586,0.22135588369121748
587,0.22135588369121748
588,0.12223967431487177
589,0.12223967431487177
590,0.12223967431487177
591,0.0919355239145076
592,0.0919355239145076
593,0.0919355239145076
594,0.07753377944696312
595,0.07753377944696312
596,0.07753377944696312
597,0.07753377944696312
598,0.07753377944696312
599,0.07753377944696312
600,0.07753377944696312
601,0.07753377944696312
602,0.07753377944696312
603,0.3463540891234788
604,0.3463540891234788
605,0.3463540891234788
606,0.3463540891234788
607,0.3463540891234788
608,0.3463540891234788
609,0.3463540891234788
610,0.3463540891234788
611,0.3463540891234788
612,0.27388155883262666
613,0.27388155883262666
614,0.27388155883262666
615,0.1218473446215723
616,0.1218473446215723
617,0.1218473446215723
618,0.10231958538902891
619,0.10231958538902891
620,0.10231958538902891
621,0.11724770659574467
622,0.11724770659574467
623,0.11724770659574467
624,0.11724770659574467
625,0.11724770659574467
626,0.11724770659574467
627,0.11724770659574467
628,0.11724770659574467
629,0.11724770659574467
630,0.6202692529176875
631,0.6202692529176875
632,0.6202692529176875
633,0.6202692529176875
634,0.6202692529176875
635,0.6202692529176875
636,0.6202692529176875
637,0.6202692529176875
638,0.6202692529176875
639,0.4671243820814994
640,0.4671243820814994
641,0.4671243820814994
642,0.22380738967013622
643,0.22380738967013622
644,0.22380738967013622
645,0.16185131473742556
646,0.16185131473742556
647,0.16185131473742556
648,0.0670873211714333
649,0.0670873211714333
650,0.0670873211714333
651,0.0670873211714333
652,0.0670873211714333
653,0.0670873211714333
654,0.0670873211714333
655,0.0670873211714333
656,0.0670873211714333
657,0.348153266662972
658,0.348153266662972
659,0.348153266662972
660,0.348153266662972
661,0.348153266662972
662,0.348153266662972
663,0.348153266662972
664,0.348153266662972
665,0.348153266662972
666,0.2405464108369487
667,0.2405464108369487
668,0.2405464108369487
669,0.10640836891207836
670,0.10640836891207836
671,0.10640836891207836
672,0.09358372180416363
673,0.09358372180416363
674,0.09358372180416363
675,0.19544518265714161
676,0.19544518265714161
677,0.19544518265714161
678,0.19544518265714161
679,0.19544518265714161
680,0.19544518265714161
681,0.19544518265714161
682,0.19544518265714161
683,0.19544518265714161
684,0.9629772355857427
685,0.9629772355857427
686,0.9629772355857427
687,0.9629772355857427
688,0.9629772355857427
689,0.9629772355857427
690,0.9629772355857427
691,0.9629772355857427
692,0.9629772355857427
693,0.6052511587054835
694,0.6052511587054835
695,0.6052511587054835
696,0.39484733523102716
697,0.39484733523102716
698,0.39484733523102716
699,0.354124160350417
700,0.354124160350417
701,0.354124160350417
702,0.0676404987644823
703,0.0676404987644823
704,0.0676404987644823
705,0.0676404987644823
706,0.0676404987644823
707,0.0676404987644823
708,0.0676404987644823
709,0.0676404987644823
710,0.0676404987644823
711,0.3137361107676546
712,0.3137361107676546
713,0.3137361107676546
714,0.3137361107676546
715,0.3137361107676546
716,0.3137361107676546
717,0.3137361107676546
718,0.3137361107676546
719,0.3137361107676546
720,0.20758850359390343
721,0.20758850359390343
722,0.20758850359390343
723,0.10987578249477077
724,0.10987578249477077
725,0.10987578249477077
726,0.11348693975192731
727,0.11348693975192731
728,0.11348693975192731
729,0.07212096516834202
730,0.07212096516834202
731,0.07212096516834202
732,0.07212096516834202
733,0.07212096516834202
734,0.07212096516834202
735,0.07212096516834202
736,0.07212096516834202
737,0.07212096516834202
738,0.42178956711671206
739,0.42178956711671206
740,0.42178956711671206
741,0.42178956711671206
742,0.42178956711671206
743,0.42178956711671206
744,0.42178956711671206
745,0.42178956711671206
746,0.42178956711671206
747,0.21642624689982773
748,0.21642624689982773
749,0.21642624689982773
750,0.1428152527805676
751,0.1428152527805676
752,0.1428152527805676
753,0.1292498693844757
754,0.1292498693844757
755,0.1292498693844757
756,0.08724216914865396
757,0.08724216914865396
758,0.08724216914865396
759,0.08724216914865396
760,0.08724216914865396
761,0.08724216914865396
762,0.08724216914865396
763,0.08724216914865396
764,0.08724216914865396
765,0.4342677576635747
766,0.4342677576635747
767,0.4342677576635747
768,0.4342677576635747
769,0.4342677576635747
770,0.4342677576635747
771,0.4342677576635747
772,0.4342677576635747
773,0.4342677576635747
774,0.24705243308876906
775,0.24705243308876906
776,0.24705243308876906
777,0.12132242886796099
778,0.12132242886796099
779,0.12132242886796099
780,0.1244751820339414
781,0.1244751820339414
782,0.1244751820339414
783,0.0577963455877836
784,0.0577963455877836
785,0.0577963455877836
786,0.0577963455877836
787,0.0577963455877836
788,0.0577963455877836
789,0.0577963455877836
790,0.0577963455877836
791,0.0577963455877836
792,0.3680794082342242
793,0.3680794082342242
794,0.3680794082342242
795,0.3680794082342242
796,0.3680794082342242
797,0.3680794082342242
798,0.3680794082342242
799,0.3680794082342242
800,0.3680794082342242
801,0.1815543964256258
802,0.1815543964256258
803,0.1815543964256258
804,0.10587277357295304
805,0.10587277357295304
806,0.10587277357295304
807,0.09890927140548998
808,0.09890927140548998
809,0.09890927140548998
810,0.09423946703644152
811,0.09423946703644152
812,0.09423946703644152
813,0.09423946703644152
814,0.09423946703644152
815,0.09423946703644152
816,0.09423946703644152
817,0.09423946703644152
818,0.09423946703644152
819,0.37166075017299105
820,0.37166075017299105
821,0.37166075017299105
822,0.37166075017299105
823,0.37166075017299105
824,0.37166075017299105
825,0.37166075017299105
826,0.37166075017299105
827,0.37166075017299105
828,0.3055905973895919
829,0.3055905973895919
830,0.3055905973895919
831,0.1801026804155365
832,0.1801026804155365
833,0.1801026804155365
834,0.14433169585822894
835,0.14433169585822894
836,0.14433169585822894
837,0.250020940076439
838,0.250020940076439
839,0.250020940076439
840,0.250020940076439
841,0.250020940076439
842,0.250020940076439
843,0.250020940076439
844,0.250020940076439
845,0.250020940076439
846,1.1602134180562569
847,1.1602134180562569
848,1.1602134180562569
849,1.1602134180562569
850,1.1602134180562569
851,1.1602134180562569
852,1.1602134180562569
853,1.1602134180562569
854,1.1602134180562569
855,0.8150925060693697
856,0.8150925060693697
857,0.8150925060693697
858,0.46613787346155655
859,0.46613787346155655
860,0.46613787346155655
861,0.3954765258548216
862,0.3954765258548216
863,0.3954765258548216
864,0.05677261683532781
865,0.05677261683532781
866,0.05677261683532781
867,0.05677261683532781
868,0.05677261683532781
869,0.05677261683532781
870,0.05677261683532781
871,0.05677261683532781
872,0.05677261683532781
873,0.30122187325611854
874,0.30122187325611854
875,0.30122187325611854
876,0.30122187325611854
877,0.30122187325611854
878,0.30122187325611854
879,0.30122187325611854
880,0.30122187325611854
881,0.30122187325611854
882,0.20920679202861064
883,0.20920679202861064
884,0.20920679202861064
885,0.12139571630499506
886,0.12139571630499506
887,0.12139571630499506
888,0.10013080102593254
889,0.10013080102593254
890,0.10013080102593254
891,0.06310596066227037
892,0.06310596066227037
893,0.06310596066227037
894,0.06310596066227037
895,0.06310596066227037
896,0.06310596066227037
897,0.06310596066227037
898,0.06310596066227037
899,0.06310596066227037
900,0.3406299004869736
901,0.3406299004869736
902,0.3406299004869736
903,0.3406299004869736
904,0.3406299004869736
905,0.3406299004869736
906,0.3406299004869736
907,0.3406299004869736
908,0.3406299004869736
909,0.20608771732632422
910,0.20608771732632422
911,0.20608771732632422
912,0.10511911939526798
913,0.10511911939526798
914,0.10511911939526798
915,0.10242258726806215
916,0.10242258726806215
917,0.10242258726806215
918,0.09688382650666781
919,0.09688382650666781
920,0.09688382650666781
921,0.09688382650666781
922,0.09688382650666781
923,0.09688382650666781
924,0.09688382650666781
925,0.09688382650666781
926,0.09688382650666781
927,0.47874515762386266
928,0.47874515762386266
929,0.47874515762386266
930,0.47874515762386266
931,0.47874515762386266
932,0.47874515762386266
933,0.47874515762386266
934,0.47874515762386266
935,0.47874515762386266
936,0.3238802531020805
937,0.3238802531020805
938,0.3238802531020805
939,0.21175219634789413
940,0.21175219634789413
941,0.21175219634789413
942,0.16636992264672976
943,0.16636992264672976
944,0.16636992264672976
945,0.06300440544706842
946,0.06300440544706842
947,0.06300440544706842
948,0.06300440544706842
949,0.06300440544706842
950,0.06300440544706842
951,0.06300440544706842
952,0.06300440544706842
953,0.06300440544706842
954,0.35148186834799827
955,0.35148186834799827
956,0.35148186834799827
957,0.35148186834799827
958,0.35148186834799827
959,0.35148186834799827
960,0.35148186834799827
961,0.35148186834799827
962,0.35148186834799827
963,0.18830771208042607
964,0.18830771208042607
965,0.18830771208042607
966,0.11643907124371494
967,0.11643907124371494
968,0.11643907124371494
969,0.10953435809154798
970,0.10953435809154798
971,0.10953435809154798
972,0.14884237804028047
973,0.14884237804028047
974,0.14884237804028047
975,0.14884237804028047
976,0.14884237804028047
977,0.14884237804028047
978,0.14884237804028047
979,0.14884237804028047
980,0.14884237804028047
981,0.6411327314367489
982,0.6411327314367489
983,0.6411327314367489
984,0.6411327314367489
985,0.6411327314367489
986,0.6411327314367489
987,0.6411327314367489
988,0.6411327314367489
989,0.6411327314367489
990,0.4290986426455707
991,0.4290986426455707
992,0.4290986426455707
993,0.2684498367096526
994,0.2684498367096526
995,0.2684498367096526
996,0.22263541397594594
997,0.22263541397594594
998,0.22263541397594594
999,0.07279393967942381
1000,0.07279393967942381
1001,0.07279393967942381
1002,0.07279393967942381
1003,0.07279393967942381
1004,0.07279393967942381
1005,0.07279393967942381
1006,0.07279393967942381
1007,0.07279393967942381
1008,0.36363758936018864
1009,0.36363758936018864
1010,0.36363758936018864
1011,0.36363758936018864
1012,0.36363758936018864
1013,0.36363758936018864
1014,0.36363758936018864
1015,0.36363758936018864
1016,0.36363758936018864
1017,0.2567119631819645
1018,0.2567119631819645
1019,0.2567119631819645
1020,0.10000150464707436
1021,0.10000150464707436
1022,0.10000150464707436
1023,0.10682783013009
1024,0.10682783013009
1025,0.10682783013009
1026,0.05575851114726378
1027,0.05575851114726378
1028,0.05575851114726378
1029,0.05575851114726378
1030,0.05575851114726378
1031,0.05575851114726378
1032,0.05575851114726378
1033,0.05575851114726378
1034,0.05575851114726378
1035,0.24554347866984172
1036,0.24554347866984172
1037,0.24554347866984172
1038,0.24554347866984172
1039,0.24554347866984172
1040,0.24554347866984172
1041,0.24554347866984172
1042,0.24554347866984172
1043,0.24554347866984172
1044,0.19115079028013943
1045,0.19115079028013943
1046,0.19115079028013943
1047,0.08063952102223022
1048,0.08063952102223022
1049,0.08063952102223022
1050,0.08115269367134877
1051,0.08115269367134877
1052,0.08115269367134877
1053,0.06446409873434798
1054,0.06446409873434798
1055,0.06446409873434798
1056,0.06446409873434798
1057,0.06446409873434798
1058,0.06446409873434798
1059,0.06446409873434798
1060,0.06446409873434798
1061,0.06446409873434798
1062,0.3605642089500962
1063,0.3605642089500962
1064,0.3605642089500962
1065,0.3605642089500962
1066,0.3605642089500962
1067,0.3605642089500962
1068,0.3605642089500962
1069,0.3605642089500962
1070,0.3605642089500962
1071,0.22646489536157507
1072,0.22646489536157507
1073,0.22646489536157507
1074,0.11195189316202901
1075,0.11195189316202901
1076,0.11195189316202901
1077,0.11147755265678347
1078,0.11147755265678347
1079,0.11147755265678347
1080,0.07475017091427384
1081,0.07475017091427384
1082,0.07475017091427384
1083,0.07475017091427384
1084,0.07475017091427384
1085,0.07475017091427384
1086,0.07475017091427384
1087,0.07475017091427384
1088,0.07475017091427384
1089,0.374152421138047
1090,0.374152421138047
1091,0.374152421138047
1092,0.374152421138047
1093,0.374152421138047
1094,0.374152421138047
1095,0.374152421138047
1096,0.374152421138047
1097,0.374152421138047
1098,0.2622912721147346
1099,0.2622912721147346
1100,0.2622912721147346
1101,0.15231221673317
1102,0.15231221673317
1103,0.15231221673317
1104,0.14738038137725398
1105,0.14738038137725398
1106,0.14738038137725398
1107,0.24694402329846232
1108,0.24694402329846232
1109,0.24694402329846232
1110,0.24694402329846232
1111,0.24694402329846232
1112,0.24694402329846232
1113,0.24694402329846232
1114,0.24694402329846232
1115,0.24694402329846232
1116,1.1805371611913589
1117,1.1805371611913589
1118,1.1805371611913589
1119,1.1805371611913589
1120,1.1805371611913589
1121,1.1805371611913589
1122,1.1805371611913589
1123,1.1805371611913589
1124,1.1805371611913589
1125,0.7869559121391989
1126,0.7869559121391989
1127,0.7869559121391989
1128,0.5101610726197007
1129,0.5101610726197007
1130,0.5101610726197007
1131,0.39360546025794296
1132,0.39360546025794296
1133,0.39360546025794296
1134,0.11216248443878381
1135,0.11216248443878381
1136,0.11216248443878381
1137,0.11216248443878381
1138,0.11216248443878381
1139,0.11216248443878381
1140,0.11216248443878381
1141,0.11216248443878381
1142,0.11216248443878381
1143,0.497635236925392
1144,0.497635236925392
1145,0.497635236925392
1146,0.497635236925392
1147,0.497635236925392
1148,0.497635236925392
1149,0.497635236925392
1150,0.497635236925392
1151,0.497635236925392
1152,0.3790957504752024
1153,0.3790957504752024
1154,0.3790957504752024
1155,0.2212752757416743
1156,0.2212752757416743
1157,0.2212752757416743
1158,0.169671656165678
1159,0.169671656165678
1160,0.169671656165678
1161,0.08274501762863133
1162,0.08274501762863133
1163,0.08274501762863133
1164,0.08274501762863133
1165,0.08274501762863133
1166,0.08274501762863133
1167,0.08274501762863133
1168,0.08274501762863133
1169,0.08274501762863133
1170,0.33963493717553517
1171,0.33963493717553517
1172,0.33963493717553517
1173,0.33963493717553517
1174,0.33963493717553517
1175,0.33963493717553517
1176,0.33963493717553517
1177,0.33963493717553517
1178,0.33963493717553517
1179,0.23587584480613089
1180,0.23587584480613089
1181,0.23587584480613089
1182,0.1478245474859576
1183,0.1478245474859576
1184,0.1478245474859576
1185,0.14632919177316656
1186,0.14632919177316656
1187,0.14632919177316656
1188,0.07341989526088069
1189,0.07341989526088069
1190,0.07341989526088069
1191,0.07341989526088069
1192,0.07341989526088069
1193,0.07341989526088069
1194,0.07341989526088069
1195,0.07341989526088069
1196,0.07341989526088069
1197,0.31790416218062767
1198,0.31790416218062767
1199,0.31790416218062767
1200,0.31790416218062767
1201,0.31790416218062767
1202,0.31790416218062767
1203,0.31790416218062767
1204,0.31790416218062767
1205,0.31790416218062767
1206,0.2726920385657171
1207,0.2726920385657171
1208,0.2726920385657171
1209,0.1258040629574968
1210,0.1258040629574968
1211,0.1258040629574968
1212,0.09116205012789659
1213,0.09116205012789659
1214,0.09116205012789659
1215,0.1054193240453575
1216,0.1054193240453575
1217,0.1054193240453575
1218,0.1054193240453575
1219,0.1054193240453575
1220,0.1054193240453575
1221,0.1054193240453575
1222,0.1054193240453575
1223,0.1054193240453575
1224,0.4695364085947182
1225,0.4695364085947182
1226,0.4695364085947182
1227,0.4695364085947182
1228,0.4695364085947182
1229,0.4695364085947182
1230,0.4695364085947182
1231,0.4695364085947182
1232,0.4695364085947182
1233,0.3661063734837481
1234,0.3661063734837481
1235,0.3661063734837481
1236,0.1943844268127263
1237,0.1943844268127263
1238,0.1943844268127263
1239,0.14703173245249515
1240,0.14703173245249515
1241,0.14703173245249515
1242,0.19266488513479274
1243,0.19266488513479274
1244,0.19266488513479274
1245,0.19266488513479274
1246,0.19266488513479274
1247,0.19266488513479274
1248,0.19266488513479274
1249,0.19266488513479274
1250,0.19266488513479274
1251,0.9763858619054469
1252,0.9763858619054469
1253,0.9763858619054469
1254,0.9763858619054469
1255,0.9763858619054469
1256,0.9763858619054469
1257,0.9763858619054469
1258,0.9763858619054469
1259,0.9763858619054469
1260,0.7070766252455788
1261,0.7070766252455788
1262,0.7070766252455788
1263,0.32898819070896407
1264,0.32898819070896407
1265,0.32898819070896407
1266,0.27887284696552694
1267,0.27887284696552694
1268,0.27887284696552694
1269,0.08191446679999982
1270,0.08191446679999982
1271,0.08191446679999982
1272,0.08191446679999982
1273,0.08191446679999982
1274,0.08191446679999982
1275,0.08191446679999982
1276,0.08191446679999982
1277,0.08191446679999982
1278,0.40335143595639944
1279,0.40335143595639944
1280,0.40335143595639944
1281,0.40335143595639944
1282,0.40335143595639944
1283,0.40335143595639944
1284,0.40335143595639944
1285,0.40335143595639944
1286,0.40335143595639944
1287,0.2634540573764661
1288,0.2634540573764661
1289,0.2634540573764661
1290,0.15442671030246638
1291,0.15442671030246638
1292,0.15442671030246638
1293,0.13884888020827565
1294,0.13884888020827565
1295,0.13884888020827565
1296,0.05794257137615446
1297,0.05794257137615446
1298,0.05794257137615446
1299,0.05794257137615446
1300,0.05794257137615446
1301,0.05794257137615446
1302,0.05794257137615446
1303,0.05794257137615446
1304,0.05794257137615446
1305,0.26742663053722276
1306,0.26742663053722276
1307,0.26742663053722276
1308,0.26742663053722276
1309,0.26742663053722276
1310,0.26742663053722276
1311,0.26742663053722276
1312,0.26742663053722276
1313,0.26742663053722276
1314,0.18572551092326015
1315,0.18572551092326015
1316,0.18572551092326015
1317,0.11250678225820579
1318,0.11250678225820579
1319,0.11250678225820579
1320,0.09934727474671981
1321,0.09934727474671981
1322,0.09934727474671981
1323,0.0546319431762256
1324,0.0546319431762256
1325,0.0546319431762256
1326,0.0546319431762256
1327,0.0546319431762256
1328,0.0546319431762256
1329,0.0546319431762256
1330,0.0546319431762256
1331,0.0546319431762256
1332,0.31289409129449375
1333,0.31289409129449375
1334,0.31289409129449375
1335,0.31289409129449375
1336,0.31289409129449375
1337,0.31289409129449375
1338,0.31289409129449375
1339,0.31289409129449375
1340,0.31289409129449375
1341,0.16952678449700162
1342,0.16952678449700162
1343,0.16952678449700162
1344,0.09901563405430239
1345,0.09901563405430239
1346,0.09901563405430239
1347,0.10966072593403219
1348,0.10966072593403219
1349,0.10966072593403219
1350,0.16264503766411126
1351,0.16264503766411126
1352,0.16264503766411126
1353,0.16264503766411126
1354,0.16264503766411126
1355,0.16264503766411126
1356,0.16264503766411126
1357,0.16264503766411126
1358,0.16264503766411126
1359,0.8148256857534096
1360,0.8148256857534096
1361,0.8148256857534096
1362,0.8148256857534096
1363,0.8148256857534096
1364,0.8148256857534096
1365,0.8148256857534096
1366,0.8148256857534096
1367,0.8148256857534096
1368,0.5606851775960525
1369,0.5606851775960525
1370,0.5606851775960525
1371,0.3040825680909806
1372,0.3040825680909806
1373,0.3040825680909806
1374,0.26957521094204795
1375,0.26957521094204795
1376,0.26957521094204795
1377,0.08125056374798519
1378,0.08125056374798519
1379,0.08125056374798519
1380,0.08125056374798519
1381,0.08125056374798519
1382,0.08125056374798519
1383,0.08125056374798519
1384,0.08125056374798519
1385,0.08125056374798519
1386,0.35946454705896114
1387,0.35946454705896114
1388,0.35946454705896114
1389,0.35946454705896114
1390,0.35946454705896114
1391,0.35946454705896114
1392,0.35946454705896114
1393,0.35946454705896114
1394,0.35946454705896114
1395,0.23777024517988915
1396,0.23777024517988915
1397,0.23777024517988915
1398,0.12387673152146031
1399,0.12387673152146031
1400,0.12387673152146031
1401,0.11615825621451409
1402,0.11615825621451409
1403,0.11615825621451409
1404,0.15032329196633648
1405,0.15032329196633648
1406,0.15032329196633648
1407,0.15032329196633648
1408,0.15032329196633648
1409,0.15032329196633648
1410,0.15032329196633648
1411,0.15032329196633648
1412,0.15032329196633648
1413,0.568523351910405
1414,0.568523351910405
1415,0.568523351910405
1416,0.568523351910405
1417,0.568523351910405
1418,0.568523351910405
1419,0.568523351910405
1420,0.568523351910405
1421,0.568523351910405
1422,0.4275989190626004
1423,0.4275989190626004
1424,0.4275989190626004
1425,0.31844764436408163
1426,0.31844764436408163
1427,0.31844764436408163
1428,0.2778453661089449
1429,0.2778453661089449
1430,0.2778453661089449
1431,0.07236888392071866
1432,0.07236888392071866
1433,0.07236888392071866
1434,0.07236888392071866
1435,0.07236888392071866
1436,0.07236888392071866
1437,0.07236888392071866
1438,0.07236888392071866
1439,0.07236888392071866
1440,0.30557471279153287
1441,0.30557471279153287
1442,0.30557471279153287
1443,0.30557471279153287
1444,0.30557471279153287
1445,0.30557471279153287
1446,0.30557471279153287
1447,0.30557471279153287
1448,0.30557471279153287
1449,0.2566343396485287
1450,0.2566343396485287
1451,0.2566343396485287
1452,0.14952142737869087
1453,0.14952142737869087
1454,0.14952142737869087
1455,0.1379580217703125
1456,0.1379580217703125
1457,0.1379580217703125
1458,0.07101673929315953
1459,0.07101673929315953
1460,0.07101673929315953
1461,0.07101673929315953
1462,0.07101673929315953
1463,0.07101673929315953
1464,0.07101673929315953
1465,0.07101673929315953
1466,0.07101673929315953
1467,0.45022472834117366
1468,0.45022472834117366
1469,0.45022472834117366
1470,0.45022472834117366
1471,0.45022472834117366
1472,0.45022472834117366
1473,0.45022472834117366
1474,0.45022472834117366
1475,0.45022472834117366
1476,0.229172273252855
1477,0.229172273252855
1478,0.229172273252855
1479,0.14480060169917658
1480,0.14480060169917658
1481,0.14480060169917658
1482,0.12490372314111489
1483,0.12490372314111489
1484,0.12490372314111489
1485,0.06612698754309156
1486,0.06612698754309156
1487,0.06612698754309156
1488,0.06612698754309156
1489,0.06612698754309156
1490,0.06612698754309156
1491,0.06612698754309156
1492,0.06612698754309156
1493,0.06612698754309156
1494,0.30207422639921633
1495,0.30207422639921633
1496,0.30207422639921633
1497,0.30207422639921633
1498,0.30207422639921633
1499,0.30207422639921633
1500,0.30207422639921633
1501,0.30207422639921633
1502,0.30207422639921633
1503,0.2210296197017528
1504,0.2210296197017528
1505,0.2210296197017528
1506,0.09616036522144648
1507,0.09616036522144648
1508,0.09616036522144648
1509,0.10827845137464633
1510,0.10827845137464633
1511,0.10827845137464633
1512,0.07950104932145101
1513,0.07950104932145101
1514,0.07950104932145101
1515,0.07950104932145101
1516,0.07950104932145101
1517,0.07950104932145101
1518,0.07950104932145101
1519,0.07950104932145101
1520,0.07950104932145101
1521,0.30392536416542876
1522,0.30392536416542876
1523,0.30392536416542876
1524,0.30392536416542876
1525,0.30392536416542876
1526,0.30392536416542876
1527,0.30392536416542876
1528,0.30392536416542876
1529,0.30392536416542876
1530,0.23284988291293615
1531,0.23284988291293615
1532,0.23284988291293615
1533,0.13010335176935076
1534,0.13010335176935076
1535,0.13010335176935076
1536,0.13434321793522427
1537,0.13434321793522427
1538,0.13434321793522427
1539,0.10464257784181562
1540,0.10464257784181562
1541,0.10464257784181562
1542,0.10464257784181562
1543,0.10464257784181562
1544,0.10464257784181562
1545,0.10464257784181562
1546,0.10464257784181562
1547,0.10464257784181562
1548,0.4434015855843539
1549,0.4434015855843539
1550,0.4434015855843539
1551,0.4434015855843539
1552,0.4434015855843539
1553,0.4434015855843539
1554,0.4434015855843539
1555,0.4434015855843539
1556,0.4434015855843539
1557,0.3031512903121342
1558,0.3031512903121342
1559,0.3031512903121342
1560,0.19777539629442503
1561,0.19777539629442503
1562,0.19777539629442503
1563,0.14680969254319393
1564,0.14680969254319393
1565,0.14680969254319393
1566,0.07650052725439256
1567,0.07650052725439256
1568,0.07650052725439256
1569,0.07650052725439256
1570,0.07650052725439256
1571,0.07650052725439256
1572,0.07650052725439256
1573,0.07650052725439256
1574,0.07650052725439256
1575,0.3362306216257201
1576,0.3362306216257201
1577,0.3362306216257201
1578,0.3362306216257201
1579,0.3362306216257201
1580,0.3362306216257201
1581,0.3362306216257201
1582,0.3362306216257201
1583,0.3362306216257201
1584,0.24403844371159966
1585,0.24403844371159966
1586,0.24403844371159966
1587,0.1345039922504979
1588,0.1345039922504979
1589,0.1345039922504979
1590,0.14979516652067534
1591,0.14979516652067534
1592,0.14979516652067534
1593,0.06768736670418518
1594,0.06768736670418518
1595,0.06768736670418518
1596,0.06768736670418518
1597,0.06768736670418518
1598,0.06768736670418518
1599,0.06768736670418518
1600,0.06768736670418518
1601,0.06768736670418518
1602,0.26263259522978755
1603,0.26263259522978755
1604,0.26263259522978755
1605,0.26263259522978755
1606,0.26263259522978755
1607,0.26263259522978755
1608,0.26263259522978755
1609,0.26263259522978755
1610,0.26263259522978755
1611,0.26902920016389564
1612,0.26902920016389564
1613,0.26902920016389564
1614,0.0680922462632632
1615,0.0680922462632632
1616,0.0680922462632632
1617,0.07168835391961431
1618,0.07168835391961431
1619,0.07168835391961431
1620,0.07303816637701609
1621,0.07303816637701609
1622,0.07303816637701609
1623,0.07303816637701609
1624,0.07303816637701609
1625,0.07303816637701609
1626,0.07303816637701609
1627,0.07303816637701609
1628,0.07303816637701609
1629,0.3623937665110741
1630,0.3623937665110741
1631,0.3623937665110741
1632,0.3623937665110741
1633,0.3623937665110741
1634,0.3623937665110741
1635,0.3623937665110741
1636,0.3623937665110741
1637,0.3623937665110741
1638,0.21504438607257303
1639,0.21504438607257303
1640,0.21504438607257303
1641,0.1375709065422642
1642,0.1375709065422642
1643,0.1375709065422642
1644,0.1049959298846736
1645,0.1049959298846736
1646,0.1049959298846736
1647,0.07094089969823586
1648,0.07094089969823586
1649,0.07094089969823586
1650,0.07094089969823586
1651,0.07094089969823586
1652,0.07094089969823586
1653,0.07094089969823586
1654,0.07094089969823586
1655,0.07094089969823586
1656,0.33334400282526117
1657,0.33334400282526117
1658,0.33334400282526117
1659,0.33334400282526117
1660,0.33334400282526117
1661,0.33334400282526117
1662,0.33334400282526117
1663,0.33334400282526117
1664,0.33334400282526117
1665,0.22680264251411097
1666,0.22680264251411097
1667,0.22680264251411097
1668,0.1953173644139859
1669,0.1953173644139859
1670,0.1953173644139859
1671,0.17347166947348636
1672,0.17347166947348636
1673,0.17347166947348636
1674,0.09660642837380698
1675,0.09660642837380698
1676,0.09660642837380698
1677,0.09660642837380698
1678,0.09660642837380698
1679,0.09660642837380698
1680,0.09660642837380698
1681,0.09660642837380698
1682,0.09660642837380698
1683,0.4096879351120074
1684,0.4096879351120074
1685,0.4096879351120074
1686,0.4096879351120074
1687,0.4096879351120074
1688,0.4096879351120074
1689,0.4096879351120074
1690,0.4096879351120074
1691,0.4096879351120074
1692,0.288127575650341
1693,0.288127575650341
1694,0.288127575650341
1695,0.16328419653467222
1696,0.16328419653467222
1697,0.16328419653467222
1698,0.1386710495143506
1699,0.1386710495143506
1700,0.1386710495143506
1701,0.09200484295240088
1702,0.09200484295240088
1703,0.09200484295240088
1704,0.09200484295240088
1705,0.09200484295240088
1706,0.09200484295240088
1707,0.09200484295240088
1708,0.09200484295240088
1709,0.09200484295240088
1710,0.4085781967828474
1711,0.4085781967828474
1712,0.4085781967828474
1713,0.4085781967828474
1714,0.4085781967828474
1715,0.4085781967828474
1716,0.4085781967828474
1717,0.4085781967828474
1718,0.4085781967828474
1719,0.2855995247284582
1720,0.2855995247284582
1721,0.2855995247284582
1722,0.1826610543332666
1723,0.1826610543332666
1724,0.1826610543332666
1725,0.16087745235223821
1726,0.16087745235223821
1727,0.16087745235223821
1728,0.07709502274483385
1729,0.07709502274483385
1730,0.07709502274483385
1731,0.07709502274483385
1732,0.07709502274483385
1733,0.07709502274483385
1734,0.07709502274483385
1735,0.07709502274483385
1736,0.07709502274483385
1737,0.43617945486297977
1738,0.43617945486297977
1739,0.43617945486297977
1740,0.43617945486297977
1741,0.43617945486297977
1742,0.43617945486297977
1743,0.43617945486297977
1744,0.43617945486297977
1745,0.43617945486297977
1746,0.3089683523292165
1747,0.3089683523292165
1748,0.3089683523292165
1749,0.1140155087502747
1750,0.1140155087502747
1751,0.1140155087502747
1752,0.11853583846692539
1753,0.11853583846692539
1754,0.11853583846692539
1755,0.06295368075177145
1756,0.06295368075177145
1757,0.06295368075177145
1758,0.06295368075177145
1759,0.06295368075177145
1760,0.06295368075177145
1761,0.06295368075177145
1762,0.06295368075177145
1763,0.06295368075177145
1764,0.4032013483321657
1765,0.4032013483321657
1766,0.4032013483321657
1767,0.4032013483321657
1768,0.4032013483321657
1769,0.4032013483321657
1770,0.4032013483321657
1771,0.4032013483321657
1772,0.4032013483321657
1773,0.20996161200826277
1774,0.20996161200826277
1775,0.20996161200826277
1776,0.1277726793148188
1777,0.1277726793148188
1778,0.1277726793148188
1779,0.11088639500508123
1780,0.11088639500508123
1781,0.11088639500508123
1782,0.09740266341141983
1783,0.09740266341141983
1784,0.09740266341141983
1785,0.09740266341141983
1786,0.09740266341141983
1787,0.09740266341141983
1788,0.09740266341141983
1789,0.09740266341141983
1790,0.09740266341141983
1791,0.4456732821456449
1792,0.4456732821456449
1793,0.4456732821456449
1794,0.4456732821456449
1795,0.4456732821456449
1796,0.4456732821456449
1797,0.4456732821456449
1798,0.4456732821456449
1799,0.4456732821456449
1800,0.2847574134926452
1801,0.2847574134926452
1802,0.2847574134926452
1803,0.1799440202215058
1804,0.1799440202215058
1805,0.1799440202215058
1806,0.17289281124280306
1807,0.17289281124280306
1808,0.17289281124280306
1809,0.06661212050497185
1810,0.06661212050497185
1811,0.06661212050497185
1812,0.06661212050497185
1813,0.06661212050497185
1814,0.06661212050497185
1815,0.06661212050497185
1816,0.06661212050497185
1817,0.06661212050497185
1818,0.34210521471297056
1819,0.34210521471297056
1820,0.34210521471297056
1821,0.34210521471297056
1822,0.34210521471297056
1823,0.34210521471297056
1824,0.34210521471297056
1825,0.34210521471297056
1826,0.34210521471297056
1827,0.1895081639848827
1828,0.1895081639848827
1829,0.1895081639848827
1830,0.11708243036816061
1831,0.11708243036816061
1832,0.11708243036816061
1833,0.11629663043255994
1834,0.11629663043255994
1835,0.11629663043255994
1836,0.10050839970600024
1837,0.10050839970600024
1838,0.10050839970600024
1839,0.10050839970600024
1840,0.10050839970600024
1841,0.10050839970600024
1842,0.10050839970600024
1843,0.10050839970600024
1844,0.10050839970600024
1845,0.43903384836454495
1846,0.43903384836454495
1847,0.43903384836454495
1848,0.43903384836454495
1849,0.43903384836454495
1850,0.43903384836454495
1851,0.43903384836454495
1852,0.43903384836454495
1853,0.43903384836454495
1854,0.27681234702824664
1855,0.27681234702824664
1856,0.27681234702824664
1857,0.20364205872892302
1858,0.20364205872892302
1859,0.20364205872892302
1860,0.18268870501980827
1861,0.18268870501980827
1862,0.18268870501980827
1863,0.12361154944403153
1864,0.12361154944403153
1865,0.12361154944403153
1866,0.12361154944403153
1867,0.12361154944403153
1868,0.12361154944403153
1869,0.12361154944403153
1870,0.12361154944403153
1871,0.12361154944403153
1872,0.6110620411441161
1873,0.6110620411441161
1874,0.6110620411441161
1875,0.6110620411441161
1876,0.6110620411441161
1877,0.6110620411441161
1878,0.6110620411441161
1879,0.6110620411441161
1880,0.6110620411441161
1881,0.43600532050768315
1882,0.43600532050768315
1883,0.43600532050768315
1884,0.1571387434612021
1885,0.1571387434612021
1886,0.1571387434612021
1887,0.1909050832378661
1888,0.1909050832378661
1889,0.1909050832378661
1890,0.07050478239849009
1891,0.07050478239849009
1892,0.07050478239849009
1893,0.07050478239849009
1894,0.07050478239849009
1895,0.07050478239849009
1896,0.07050478239849009
1897,0.07050478239849009
1898,0.07050478239849009
1899,0.3145609358607142
1900,0.3145609358607142
1901,0.3145609358607142
1902,0.3145609358607142
1903,0.3145609358607142
1904,0.3145609358607142
1905,0.3145609358607142
1906,0.3145609358607142
1907,0.3145609358607142
1908,0.2392854343297428
1909,0.2392854343297428
1910,0.2392854343297428
1911,0.115522353196432
1912,0.115522353196432
1913,0.115522353196432
1914,0.10999572039836236
1915,0.10999572039836236
1916,0.10999572039836236
1917,0.18229689995531728
1918,0.18229689995531728
1919,0.18229689995531728
1920,0.18229689995531728
1921,0.18229689995531728
1922,0.18229689995531728
1923,0.18229689995531728
1924,0.18229689995531728
1925,0.18229689995531728
1926,0.9105765206467358
1927,0.9105765206467358
1928,0.9105765206467358
1929,0.9105765206467358
1930,0.9105765206467358
1931,0.9105765206467358
1932,0.9105765206467358
1933,0.9105765206467358
1934,0.9105765206467358
1935,0.736761586851877
1936,0.736761586851877
1937,0.736761586851877
1938,0.32384486943138974
1939,0.32384486943138974
1940,0.32384486943138974
1941,0.2846649503028026
1942,0.2846649503028026
1943,0.2846649503028026
1944,0.09377953814176217
1945,0.09377953814176217
1946,0.09377953814176217
1947,0.09377953814176217
1948,0.09377953814176217
1949,0.09377953814176217
1950,0.09377953814176217
1951,0.09377953814176217
1952,0.09377953814176217
1953,0.43523378633839976
1954,0.43523378633839976
1955,0.43523378633839976
1956,0.43523378633839976
1957,0.43523378633839976
1958,0.43523378633839976
1959,0.43523378633839976
1960,0.43523378633839976
1961,0.43523378633839976
1962,0.3348094504237451
1963,0.3348094504237451
1964,0.3348094504237451
1965,0.20937953063526932
1966,0.20937953063526932
1967,0.20937953063526932
1968,0.15785295046949432
1969,0.15785295046949432
1970,0.15785295046949432
1971,0.14785082069033256
1972,0.14785082069033256
1973,0.14785082069033256
1974,0.14785082069033256
1975,0.14785082069033256
1976,0.14785082069033256
1977,0.14785082069033256
1978,0.14785082069033256
1979,0.14785082069033256
1980,0.5351949213204742
1981,0.5351949213204742
1982,0.5351949213204742
1983,0.5351949213204742
1984,0.5351949213204742
1985,0.5351949213204742
1986,0.5351949213204742
1987,0.5351949213204742
1988,0.5351949213204742
1989,0.4199115893386433
1990,0.4199115893386433
1991,0.4199115893386433
1992,0.2765592031471882
1993,0.2765592031471882
1994,0.2765592031471882
1995,0.2329536090566883
1996,0.2329536090566883
1997,0.2329536090566883
1998,0.08888095324108479
1999,0.08888095324108479
2000,0.08888095324108479
2001,0.08888095324108479
2002,0.08888095324108479
2003,0.08888095324108479
2004,0.08888095324108479
2005,0.08888095324108479
2006,0.08888095324108479
2007,0.35252468937083387
2008,0.35252468937083387
2009,0.35252468937083387
2010,0.35252468937083387
2011,0.35252468937083387
2012,0.35252468937083387
2013,0.35252468937083387
2014,0.35252468937083387
2015,0.35252468937083387
2016,0.2856961771078646
2017,0.2856961771078646
2018,0.2856961771078646
2019,0.20613689821007977
2020,0.20613689821007977
2021,0.20613689821007977
2022,0.14425583465723782
2023,0.14425583465723782
2024,0.14425583465723782
2025,0.10854370433263054
2026,0.10854370433263054
2027,0.10854370433263054
2028,0.10854370433263054
2029,0.10854370433263054
2030,0.10854370433263054
2031,0.10854370433263054
2032,0.10854370433263054
2033,0.10854370433263054
2034,0.5604162431144575
2035,0.5604162431144575
2036,0.5604162431144575
2037,0.5604162431144575
2038,0.5604162431144575
2039,0.5604162431144575
2040,0.5604162431144575
2041,0.5604162431144575
2042,0.5604162431144575
2043,0.3659361357590422
2044,0.3659361357590422
2045,0.3659361357590422
2046,0.20117236413933795
2047,0.20117236413933795
2048,0.20117236413933795
2049,0.17972814765858083
2050,0.17972814765858083
2051,0.17972814765858083
2052,0.08830735553962421
2053,0.08830735553962421
2054,0.08830735553962421
2055,0.08830735553962421
2056,0.08830735553962421
2057,0.08830735553962421
2058,0.08830735553962421
2059,0.08830735553962421
2060,0.08830735553962421
2061,0.39741019034067115
2062,0.39741019034067115
2063,0.39741019034067115
2064,0.39741019034067115
2065,0.39741019034067115
2066,0.39741019034067115
2067,0.39741019034067115
2068,0.39741019034067115
2069,0.39741019034067115
2070,0.3379062370612261
2071,0.3379062370612261
2072,0.3379062370612261
2073,0.14673903302789196
2074,0.14673903302789196
2075,0.14673903302789196
2076,0.13458628709664777
2077,0.13458628709664777
2078,0.13458628709664777
2079,0.07156415745932561
2080,0.07156415745932561
2081,0.07156415745932561
2082,0.07156415745932561
2083,0.07156415745932561
2084,0.07156415745932561
2085,0.07156415745932561
2086,0.07156415745932561
2087,0.07156415745932561
2088,0.3017295025070728
2089,0.3017295025070728
2090,0.3017295025070728
2091,0.3017295025070728
2092,0.3017295025070728
2093,0.3017295025070728
2094,0.3017295025070728
2095,0.3017295025070728
2096,0.3017295025070728
2097,0.2164451726673857
2098,0.2164451726673857
2099,0.2164451726673857
2100,0.1664283664865695
2101,0.1664283664865695
2102,0.1664283664865695
2103,0.11421245073156645
2104,0.11421245073156645
2105,0.11421245073156645
2106,0.1505312703321021
2107,0.1505312703321021
2108,0.1505312703321021
2109,0.1505312703321021
2110,0.1505312703321021
2111,0.1505312703321021
2112,0.1505312703321021
2113,0.1505312703321021
2114,0.1505312703321021
2115,0.6937032035192978
2116,0.6937032035192978
2117,0.6937032035192978
2118,0.6937032035192978
2119,0.6937032035192978
2120,0.6937032035192978
2121,0.6937032035192978
2122,0.6937032035192978
2123,0.6937032035192978
2124,0.46998485672793766
2125,0.46998485672793766
2126,0.46998485672793766
2127,0.2819687369821899
2128,0.2819687369821899
2129,0.2819687369821899
2130,0.24055469038950525
2131,0.24055469038950525
2132,0.24055469038950525
2133,0.07544038732008039
2134,0.07544038732008039
2135,0.07544038732008039
2136,0.07544038732008039
2137,0.07544038732008039
2138,0.07544038732008039
2139,0.07544038732008039
2140,0.07544038732008039
2141,0.07544038732008039
2142,0.38395678545812256
2143,0.38395678545812256
2144,0.38395678545812256
2145,0.38395678545812256
2146,0.38395678545812256
2147,0.38395678545812256
2148,0.38395678545812256
2149,0.38395678545812256
2150,0.38395678545812256
2151,0.3077115374182812
2152,0.3077115374182812
2153,0.3077115374182812
2154,0.13415464513991426
2155,0.13415464513991426
2156,0.13415464513991426
2157,0.13390464289383958
2158,0.13390464289383958
2159,0.13390464289383958
2160,0.08033762780586895
2161,0.08033762780586895
2162,0.08033762780586895
2163,0.08033762780586895
2164,0.08033762780586895
2165,0.08033762780586895
2166,0.08033762780586895
2167,0.08033762780586895
2168,0.08033762780586895
2169,0.3356760535357222
2170,0.3356760535357222
2171,0.3356760535357222
2172,0.3356760535357222
2173,0.3356760535357222
2174,0.3356760535357222
2175,0.3356760535357222
2176,0.3356760535357222
2177,0.3356760535357222
2178,0.2446513812318851
2179,0.2446513812318851
2180,0.2446513812318851
2181,0.11174102043562696
2182,0.11174102043562696
2183,0.11174102043562696
2184,0.1216903466275007
2185,0.1216903466275007
2186,0.1216903466275007
2187,0.06279512912477647
2188,0.06279512912477647
2189,0.06279512912477647
2190,0.06279512912477647
2191,0.06279512912477647
2192,0.06279512912477647
2193,0.06279512912477647
2194,0.06279512912477647
2195,0.06279512912477647
2196,0.3054832416484405
2197,0.3054832416484405
2198,0.3054832416484405
2199,0.3054832416484405
2200,0.3054832416484405
2201,0.3054832416484405
2202,0.3054832416484405
2203,0.3054832416484405
2204,0.3054832416484405
2205,0.2192809065072564
2206,0.2192809065072564
2207,0.2192809065072564
2208,0.13257278590012836
2209,0.13257278590012836
2210,0.13257278590012836
2211,0.10376234280596223
2212,0.10376234280596223
2213,0.10376234280596223
2214,0.09354108026897
2215,0.09354108026897
2216,0.09354108026897
2217,0.09354108026897
2218,0.09354108026897
2219,0.09354108026897
2220,0.09354108026897
2221,0.09354108026897
2222,0.09354108026897
2223,0.42535983715786246
2224,0.42535983715786246
2225,0.42535983715786246
2226,0.42535983715786246
2227,0.42535983715786246
2228,0.42535983715786246
2229,0.42535983715786246
2230,0.42535983715786246
2231,0.42535983715786246
2232,0.34833976211247586
2233,0.34833976211247586
2234,0.34833976211247586
2235,0.179596302327373
2236,0.179596302327373
2237,0.179596302327373
2238,0.17071776683347759
2239,0.17071776683347759
2240,0.17071776683347759
2241,0.06380964363672147
2242,0.06380964363672147
2243,0.06380964363672147
2244,0.06380964363672147
2245,0.06380964363672147
2246,0.06380964363672147
2247,0.06380964363672147
2248,0.06380964363672147
2249,0.06380964363672147
2250,0.31064364961922963
2251,0.31064364961922963
2252,0.31064364961922963
2253,0.31064364961922963
2254,0.31064364961922963
2255,0.31064364961922963
2256,0.31064364961922963
2257,0.31064364961922963
2258,0.31064364961922963
2259,0.2060740512502847
2260,0.2060740512502847
2261,0.2060740512502847
2262,0.1387608940828412
2263,0.1387608940828412
2264,0.1387608940828412
2265,0.10546168085046793
2266,0.10546168085046793
2267,0.10546168085046793
2268,0.1584900550992789
2269,0.1584900550992789
2270,0.1584900550992789
2271,0.1584900550992789
2272,0.1584900550992789
2273,0.1584900550992789
2274,0.1584900550992789
2275,0.1584900550992789
2276,0.1584900550992789
2277,0.8972134902652437
2278,0.8972134902652437
2279,0.8972134902652437
2280,0.8972134902652437
2281,0.8972134902652437
2282,0.8972134902652437
2283,0.8972134902652437
2284,0.8972134902652437
2285,0.8972134902652437
2286,0.5122210300171163
2287,0.5122210300171163
2288,0.5122210300171163
2289,0.3110146817169956
2290,0.3110146817169956
2291,0.3110146817169956
2292,0.2553346155505787
2293,0.2553346155505787
2294,0.2553346155505787
2295,0.15115170706471634
2296,0.15115170706471634
2297,0.15115170706471634
2298,0.15115170706471634
2299,0.15115170706471634
2300,0.15115170706471634
2301,0.15115170706471634
2302,0.15115170706471634
2303,0.15115170706471634
2304,0.6518006187791023
2305,0.6518006187791023
2306,0.6518006187791023
2307,0.6518006187791023
2308,0.6518006187791023
2309,0.6518006187791023
2310,0.6518006187791023
2311,0.6518006187791023
2312,0.6518006187791023
2313,0.5325125065391406
2314,0.5325125065391406
2315,0.5325125065391406
2316,0.28420271472199476
2317,0.28420271472199476
2318,0.28420271472199476
2319,0.25830521720146293
2320,0.25830521720146293
2321,0.25830521720146293
2322,0.10226858587276051
2323,0.10226858587276051
2324,0.10226858587276051
2325,0.10226858587276051
2326,0.10226858587276051
2327,0.10226858587276051
2328,0.10226858587276051
2329,0.10226858587276051
2330,0.10226858587276051
2331,0.4527211623974089
2332,0.4527211623974089
2333,0.4527211623974089
2334,0.4527211623974089
2335,0.4527211623974089
2336,0.4527211623974089
2337,0.4527211623974089
2338,0.4527211623974089
2339,0.4527211623974089
2340,0.31452475037458727
2341,0.31452475037458727
2342,0.31452475037458727
2343,0.19325054299051517
2344,0.19325054299051517
2345,0.19325054299051517
2346,0.18391376406971102
2347,0.18391376406971102
2348,0.18391376406971102
2349,0.14663652878353667
2350,0.14663652878353667
2351,0.14663652878353667
2352,0.14663652878353667
2353,0.14663652878353667
2354,0.14663652878353667
2355,0.14663652878353667
2356,0.14663652878353667
2357,0.14663652878353667
2358,0.7798369404534081
2359,0.7798369404534081
2360,0.7798369404534081
2361,0.7798369404534081
2362,0.7798369404534081
2363,0.7798369404534081
2364,0.7798369404534081
2365,0.7798369404534081
2366,0.7798369404534081
2367,0.5514462557164677
2368,0.5514462557164677
2369,0.5514462557164677
2370,0.3106436419505192
2371,0.3106436419505192
2372,0.3106436419505192
2373,0.2479093506948306
2374,0.2479093506948306
2375,0.2479093506948306
2376,0.08318509414800454
2377,0.08318509414800454
2378,0.08318509414800454
2379,0.08318509414800454
2380,0.08318509414800454
2381,0.08318509414800454
2382,0.08318509414800454
2383,0.08318509414800454
2384,0.08318509414800454
2385,0.35880559559926617
2386,0.35880559559926617
2387,0.35880559559926617
2388,0.35880559559926617
2389,0.35880559559926617
2390,0.35880559559926617
2391,0.35880559559926617
2392,0.35880559559926617
2393,0.35880559559926617
2394,0.2775190330351107
2395,0.2775190330351107
2396,0.2775190330351107
2397,0.13410143224529716
2398,0.13410143224529716
2399,0.13410143224529716
2400,0.14130835634543173
2401,0.14130835634543173
2402,0.14130835634543173
2403,0.17787223797865218
2404,0.17787223797865218
2405,0.17787223797865218
2406,0.17787223797865218
2407,0.17787223797865218
2408,0.17787223797865218
2409,0.17787223797865218
2410,0.17787223797865218
2411,0.17787223797865218
2412,1.1052624261064943
2413,1.1052624261064943
2414,1.1052624261064943
2415,1.1052624261064943
2416,1.1052624261064943
2417,1.1052624261064943
2418,1.1052624261064943
2419,1.1052624261064943
2420,1.1052624261064943
2421,0.7771838059506879
2422,0.7771838059506879
2423,0.7771838059506879
2424,0.33249778634071936
2425,0.33249778634071936
2426,0.33249778634071936
2427,0.27593667525259447
2428,0.27593667525259447
2429,0.27593667525259447
2430,0.10948857213670102
2431,0.10948857213670102
2432,0.10948857213670102
2433,0.10948857213670102
2434,0.10948857213670102
2435,0.10948857213670102
2436,0.10948857213670102
2437,0.10948857213670102
2438,0.10948857213670102
2439,0.6405308175451985
2440,0.6405308175451985
2441,0.6405308175451985
2442,0.6405308175451985
2443,0.6405308175451985
2444,0.6405308175451985
2445,0.6405308175451985
2446,0.6405308175451985
2447,0.6405308175451985
2448,0.3934799878515929
2449,0.3934799878515929
2450,0.3934799878515929
2451,0.25194878491190126
2452,0.25194878491190126
2453,0.25194878491190126
2454,0.2122268725402173
2455,0.2122268725402173
2456,0.2122268725402173
2457,0.19702355707815478
2458,0.19702355707815478
2459,0.19702355707815478
2460,0.19702355707815478
2461,0.19702355707815478
2462,0.19702355707815478
2463,0.19702355707815478
2464,0.19702355707815478
2465,0.19702355707815478
2466,1.0963503212019234
2467,1.0963503212019234
2468,1.0963503212019234
2469,1.0963503212019234
2470,1.0963503212019234
2471,1.0963503212019234
2472,1.0963503212019234
2473,1.0963503212019234
2474,1.0963503212019234
2475,0.6632657103133615
2476,0.6632657103133615
2477,0.6632657103133615
2478,0.44597428021152874
2479,0.44597428021152874
2480,0.44597428021152874
2481,0.3379907094369715
2482,0.3379907094369715
2483,0.3379907094369715
2484,0.06998159743005222
2485,0.06998159743005222
2486,0.06998159743005222
2487,0.06998159743005222
2488,0.06998159743005222
2489,0.06998159743005222
2490,0.06998159743005222
2491,0.06998159743005222
2492,0.06998159743005222
2493,0.4690367912774925
2494,0.4690367912774925
2495,0.4690367912774925
2496,0.4690367912774925
2497,0.4690367912774925
2498,0.4690367912774925
2499,0.4690367912774925
2500,0.4690367912774925
2501,0.4690367912774925
2502,0.25133333776445016
2503,0.25133333776445016
2504,0.25133333776445016
2505,0.1486466519089993
2506,0.1486466519089993
2507,0.1486466519089993
2508,0.16986645684479315
2509,0.16986645684479315
2510,0.16986645684479315
2511,0.10990076695351277
2512,0.10990076695351277
2513,0.10990076695351277
2514,0.10990076695351277
2515,0.10990076695351277
2516,0.10990076695351277
2517,0.10990076695351277
2518,0.10990076695351277
2519,0.10990076695351277
2520,0.6155781247844723
2521,0.6155781247844723
2522,0.6155781247844723
2523,0.6155781247844723
2524,0.6155781247844723
2525,0.6155781247844723
2526,0.6155781247844723
2527,0.6155781247844723
2528,0.6155781247844723
2529,0.43734026761293404
2530,0.43734026761293404
2531,0.43734026761293404
2532,0.17767601546292142
2533,0.17767601546292142
2534,0.17767601546292142
2535,0.19827995946597182
2536,0.19827995946597182
2537,0.19827995946597182
2538,0.09474410172012811
2539,0.09474410172012811
2540,0.09474410172012811
2541,0.09474410172012811
2542,0.09474410172012811
2543,0.09474410172012811
2544,0.09474410172012811
2545,0.09474410172012811
2546,0.09474410172012811
2547,0.41990266303405344
2548,0.41990266303405344
2549,0.41990266303405344
2550,0.41990266303405344
2551,0.41990266303405344
2552,0.41990266303405344
2553,0.41990266303405344
2554,0.41990266303405344
2555,0.41990266303405344
2556,0.2783265169305617
2557,0.2783265169305617
2558,0.2783265169305617
2559,0.18392311504504305
2560,0.18392311504504305
2561,0.18392311504504305
2562,0.1662847031614473
2563,0.1662847031614473
2564,0.1662847031614473
2565,0.14775203713413432
2566,0.14775203713413432
2567,0.14775203713413432
2568,0.14775203713413432
2569,0.14775203713413432
2570,0.14775203713413432
2571,0.14775203713413432
2572,0.14775203713413432
2573,0.14775203713413432
2574,0.7842017060745208
2575,0.7842017060745208
2576,0.7842017060745208
2577,0.7842017060745208
2578,0.7842017060745208
2579,0.7842017060745208
2580,0.7842017060745208
2581,0.7842017060745208
2582,0.7842017060745208
2583,0.5397604891356567
2584,0.5397604891356567
2585,0.5397604891356567
2586,0.3140652534049956
2587,0.3140652534049956
2588,0.3140652534049956
2589,0.27243938703728016
2590,0.27243938703728016
2591,0.27243938703728016
2592,0.06329768550919017
2593,0.06329768550919017
2594,0.06329768550919017
2595,0.06329768550919017
2596,0.06329768550919017
2597,0.06329768550919017
2598,0.06329768550919017
2599,0.06329768550919017
2600,0.06329768550919017
2601,0.3265891837420736
2602,0.3265891837420736
2603,0.3265891837420736
2604,0.3265891837420736
2605,0.3265891837420736
2606,0.3265891837420736
2607,0.3265891837420736
2608,0.3265891837420736
2609,0.3265891837420736
2610,0.16798642700221364
2611,0.16798642700221364
2612,0.16798642700221364
2613,0.13425107664830901
2614,0.13425107664830901
2615,0.13425107664830901
2616,0.12337011212815874
2617,0.12337011212815874
2618,0.12337011212815874
2619,0.06150032834089254
2620,0.06150032834089254
2621,0.06150032834089254
2622,0.06150032834089254
2623,0.06150032834089254
2624,0.06150032834089254
2625,0.06150032834089254
2626,0.06150032834089254
2627,0.06150032834089254
2628,0.3797458946187239
2629,0.3797458946187239
2630,0.3797458946187239
2631,0.3797458946187239
2632,0.3797458946187239
2633,0.3797458946187239
2634,0.3797458946187239
2635,0.3797458946187239
2636,0.3797458946187239
2637,0.2233263510211978
2638,0.2233263510211978
2639,0.2233263510211978
2640,0.10994194557058436
2641,0.10994194557058436
2642,0.10994194557058436
2643,0.09586928087758462
2644,0.09586928087758462
2645,0.09586928087758462
2646,0.0722783026915485
2647,0.0722783026915485
2648,0.0722783026915485
2649,0.0722783026915485
2650,0.0722783026915485
2651,0.0722783026915485
2652,0.0722783026915485
2653,0.0722783026915485
2654,0.0722783026915485
2655,0.3383081387422504
2656,0.3383081387422504
2657,0.3383081387422504
2658,0.3383081387422504
2659,0.3383081387422504
2660,0.3383081387422504
2661,0.3383081387422504
2662,0.3383081387422504
2663,0.3383081387422504
2664,0.2849885644028216
2665,0.2849885644028216
2666,0.2849885644028216
2667,0.10940795240093093
2668,0.10940795240093093
2669,0.10940795240093093
2670,0.10659453487728653
2671,0.10659453487728653
2672,0.10659453487728653
2673,0.0686515901980529
2674,0.0686515901980529
2675,0.0686515901980529
2676,0.0686515901980529
2677,0.0686515901980529
2678,0.0686515901980529
2679,0.0686515901980529
2680,0.0686515901980529
2681,0.0686515901980529
2682,0.41637910364302605
2683,0.41637910364302605
2684,0.41637910364302605
2685,0.41637910364302605
2686,0.41637910364302605
2687,0.41637910364302605
2688,0.41637910364302605
2689,0.41637910364302605
2690,0.41637910364302605
2691,0.21709401434203948
2692,0.21709401434203948
2693,0.21709401434203948
2694,0.14553637725112323
2695,0.14553637725112323
2696,0.14553637725112323
2697,0.12560255691688005
2698,0.12560255691688005
2699,0.12560255691688005
2700,0.09599220540922489
2701,0.09599220540922489
2702,0.09599220540922489
2703,0.09599220540922489
2704,0.09599220540922489
2705,0.09599220540922489
2706,0.09599220540922489
2707,0.09599220540922489
2708,0.09599220540922489
2709,0.4312167524351684
2710,0.4312167524351684
2711,0.4312167524351684
2712,0.4312167524351684
2713,0.4312167524351684
2714,0.4312167524351684
2715,0.4312167524351684
2716,0.4312167524351684
2717,0.4312167524351684
2718,0.3009160951564968
2719,0.3009160951564968
2720,0.3009160951564968
2721,0.1518303448540658
2722,0.1518303448540658
2723,0.1518303448540658
2724,0.16612287327271916
2725,0.16612287327271916
2726,0.16612287327271916
2727,0.07226411774082829
2728,0.07226411774082829
2729,0.07226411774082829
2730,0.07226411774082829
2731,0.07226411774082829
2732,0.07226411774082829
2733,0.07226411774082829
2734,0.07226411774082829
2735,0.07226411774082829
2736,0.3697371386017604
2737,0.3697371386017604
2738,0.3697371386017604
2739,0.3697371386017604
2740,0.3697371386017604
2741,0.3697371386017604
2742,0.3697371386017604
2743,0.3697371386017604
2744,0.3697371386017604
2745,0.24852295919801193
2746,0.24852295919801193
2747,0.24852295919801193
2748,0.13864446231442415
2749,0.13864446231442415
2750,0.13864446231442415
2751,0.14048457212524834
2752,0.14048457212524834
2753,0.14048457212524834
2754,0.06963589482977689
2755,0.06963589482977689
2756,0.06963589482977689
2757,0.06963589482977689
2758,0.06963589482977689
2759,0.06963589482977689
2760,0.06963589482977689
2761,0.06963589482977689
2762,0.06963589482977689
2763,0.3153547157471435
2764,0.3153547157471435
2765,0.3153547157471435
2766,0.3153547157471435
2767,0.3153547157471435
2768,0.3153547157471435
2769,0.3153547157471435
2770,0.3153547157471435
2771,0.3153547157471435
2772,0.19523339028476347
2773,0.19523339028476347
2774,0.19523339028476347
2775,0.13487293635216677
2776,0.13487293635216677
2777,0.13487293635216677
2778,0.12926449642850446
2779,0.12926449642850446
2780,0.12926449642850446
2781,0.10449665268496403
2782,0.10449665268496403
2783,0.10449665268496403
2784,0.10449665268496403
2785,0.10449665268496403
2786,0.10449665268496403
2787,0.10449665268496403
2788,0.10449665268496403
2789,0.10449665268496403
2790,0.5255733058634019
2791,0.5255733058634019
2792,0.5255733058634019
2793,0.5255733058634019
2794,0.5255733058634019
2795,0.5255733058634019
2796,0.5255733058634019
2797,0.5255733058634019
2798,0.5255733058634019
2799,0.32932559569080955
2800,0.32932559569080955
2801,0.32932559569080955
2802,0.19458680247295934
2803,0.19458680247295934
2804,0.19458680247295934
2805,0.17552304582448097
2806,0.17552304582448097
2807,0.17552304582448097
2808,0.06609327632700715
2809,0.06609327632700715
2810,0.06609327632700715
2811,0.06609327632700715
2812,0.06609327632700715
2813,0.06609327632700715
2814,0.06609327632700715
2815,0.06609327632700715
2816,0.06609327632700715
2817,0.31741657012458063
2818,0.31741657012458063
2819,0.31741657012458063
2820,0.31741657012458063
2821,0.31741657012458063
2822,0.31741657012458063
2823,0.31741657012458063
2824,0.31741657012458063
2825,0.31741657012458063
2826,0.2346291279597314
2827,0.2346291279597314
2828,0.2346291279597314
2829,0.11751212058014708
2830,0.11751212058014708
2831,0.11751212058014708
2832,0.09047601075388577
2833,0.09047601075388577
2834,0.09047601075388577
2835,0.09187849527124509
2836,0.09187849527124509
2837,0.09187849527124509
2838,0.09187849527124509
2839,0.09187849527124509
2840,0.09187849527124509
2841,0.09187849527124509
2842,0.09187849527124509
2843,0.09187849527124509
2844,0.42868582686627055
2845,0.42868582686627055
2846,0.42868582686627055
2847,0.42868582686627055
2848,0.42868582686627055
2849,0.42868582686627055
2850,0.42868582686627055
2851,0.42868582686627055
2852,0.42868582686627055
2853,0.2567606809261122
2854,0.2567606809261122
2855,0.2567606809261122
2856,0.16106411285971353
2857,0.16106411285971353
2858,0.16106411285971353
2859,0.17280996012067268
2860,0.17280996012067268
2861,0.17280996012067268
2862,0.06879671491285098
2863,0.06879671491285098
2864,0.06879671491285098
2865,0.06879671491285098
2866,0.06879671491285098
2867,0.06879671491285098
2868,0.06879671491285098
2869,0.06879671491285098
2870,0.06879671491285098
2871,0.4177277160757702
2872,0.4177277160757702
2873,0.4177277160757702
2874,0.4177277160757702
2875,0.4177277160757702
2876,0.4177277160757702
2877,0.4177277160757702
2878,0.4177277160757702
2879,0.4177277160757702
2880,0.26651067787409366
2881,0.26651067787409366
2882,0.26651067787409366
2883,0.1090723121618255
2884,0.1090723121618255
2885,0.1090723121618255
2886,0.1045094678041808
2887,0.1045094678041808
2888,0.1045094678041808
2889,0.07734689161675112
2890,0.07734689161675112
2891,0.07734689161675112
2892,0.07734689161675112
2893,0.07734689161675112
2894,0.07734689161675112
2895,0.07734689161675112
2896,0.07734689161675112
2897,0.07734689161675112
2898,0.30967202666092764
2899,0.30967202666092764
2900,0.30967202666092764
2901,0.30967202666092764
2902,0.30967202666092764
2903,0.30967202666092764
2904,0.30967202666092764
2905,0.30967202666092764
2906,0.30967202666092764
2907,0.20164251163220767
2908,0.20164251163220767
2909,0.20164251163220767
2910,0.16980824907426195
2911,0.16980824907426195
2912,0.16980824907426195
2913,0.1438017226197009
2914,0.1438017226197009
2915,0.1438017226197009
2916,0.062088104384611674
2917,0.062088104384611674
2918,0.062088104384611674
2919,0.062088104384611674
2920,0.062088104384611674
2921,0.062088104384611674
2922,0.062088104384611674
2923,0.062088104384611674
2924,0.062088104384611674
2925,0.2974790436088144
2926,0.2974790436088144
2927,0.2974790436088144
2928,0.2974790436088144
2929,0.2974790436088144
2930,0.2974790436088144
2931,0.2974790436088144
2932,0.2974790436088144
2933,0.2974790436088144
2934,0.1899853136933629
2935,0.1899853136933629
2936,0.1899853136933629
2937,0.09708987170707192
2938,0.09708987170707192
2939,0.09708987170707192
2940,0.09657783000904364
2941,0.09657783000904364
2942,0.09657783000904364
2943,0.11737960869757917
2944,0.11737960869757917
2945,0.11737960869757917
2946,0.11737960869757917
2947,0.11737960869757917
2948,0.11737960869757917
2949,0.11737960869757917
2950,0.11737960869757917
2951,0.11737960869757917
2952,0.5748693416790606
2953,0.5748693416790606
2954,0.5748693416790606
2955,0.5748693416790606
2956,0.5748693416790606
2957,0.5748693416790606
2958,0.5748693416790606
2959,0.5748693416790606
2960,0.5748693416790606
2961,0.4126320620495197
2962,0.4126320620495197
2963,0.4126320620495197
2964,0.19431827054932116
2965,0.19431827054932116
2966,0.19431827054932116
2967,0.20357919993476295
2968,0.20357919993476295
2969,0.20357919993476295
2970,0.12573343655587815
2971,0.12573343655587815
2972,0.12573343655587815
2973,0.12573343655587815
2974,0.12573343655587815
2975,0.12573343655587815
2976,0.12573343655587815
2977,0.12573343655587815
2978,0.12573343655587815
2979,0.45644786845391955
2980,0.45644786845391955
2981,0.45644786845391955
2982,0.45644786845391955
2983,0.45644786845391955
2984,0.45644786845391955
2985,0.45644786845391955
2986,0.45644786845391955
2987,0.45644786845391955
2988,0.3341686782155692
2989,0.3341686782155692
2990,0.3341686782155692
2991,0.15943074282586392
2992,0.15943074282586392
2993,0.15943074282586392
2994,0.19212155523499272
2995,0.19212155523499272
2996,0.19212155523499272
2997,0.13906410617267279
2998,0.13906410617267279
2999,0.13906410617267279
3000,0.13906410617267279
3001,0.13906410617267279
3002,0.13906410617267279
3003,0.13906410617267279
3004,0.13906410617267279
3005,0.13906410617267279
3006,0.7700995281460238
3007,0.7700995281460238
3008,0.7700995281460238
3009,0.7700995281460238
3010,0.7700995281460238
3011,0.7700995281460238
3012,0.7700995281460238
3013,0.7700995281460238
3014,0.7700995281460238
3015,0.47353665502397346
3016,0.47353665502397346
3017,0.47353665502397346
3018,0.2878303706108757
3019,0.2878303706108757
3020,0.2878303706108757
3021,0.23144074761559943
3022,0.23144074761559943
3023,0.23144074761559943
3024,0.12843159718243227
3025,0.12843159718243227
3026,0.12843159718243227
3027,0.12843159718243227
3028,0.12843159718243227
3029,0.12843159718243227
3030,0.12843159718243227
3031,0.12843159718243227
3032,0.12843159718243227
3033,0.4609726138435113
3034,0.4609726138435113
3035,0.4609726138435113
3036,0.4609726138435113
3037,0.4609726138435113
3038,0.4609726138435113
3039,0.4609726138435113
3040,0.4609726138435113
3041,0.4609726138435113
3042,0.35811992673255344
3043,0.35811992673255344
3044,0.35811992673255344
3045,0.2658768596331906
3046,0.2658768596331906
3047,0.2658768596331906
3048,0.22642003264708407
3049,0.22642003264708407
3050,0.22642003264708407
3051,0.12199060346869385
3052,0.12199060346869385
3053,0.12199060346869385
3054,0.12199060346869385
3055,0.12199060346869385
3056,0.12199060346869385
3057,0.12199060346869385
3058,0.12199060346869385
3059,0.12199060346869385
3060,0.5266794084952553
3061,0.5266794084952553
3062,0.5266794084952553
3063,0.5266794084952553
3064,0.5266794084952553
3065,0.5266794084952553
3066,0.5266794084952553
3067,0.5266794084952553
3068,0.5266794084952553
3069,0.43480762611149915
3070,0.43480762611149915
3071,0.43480762611149915
3072,0.183873204493587
3073,0.183873204493587
3074,0.183873204493587
3075,0.18517035703347134
3076,0.18517035703347134
3077,0.18517035703347134
3078,0.088333334773391
3079,0.088333334773391
3080,0.088333334773391
3081,0.088333334773391
3082,0.088333334773391
3083,0.088333334773391
3084,0.088333334773391
3085,0.088333334773391
3086,0.088333334773391
3087,0.411765425904355
3088,0.411765425904355
3089,0.411765425904355
3090,0.411765425904355
3091,0.411765425904355
3092,0.411765425904355
3093,0.411765425904355
3094,0.411765425904355
3095,0.411765425904355
3096,0.278107300240133
3097,0.278107300240133
3098,0.278107300240133
3099,0.1543951051111665
3100,0.1543951051111665
3101,0.1543951051111665
3102,0.16725542374768318
3103,0.16725542374768318
3104,0.16725542374768318
3105,0.11366183740745041
3106,0.11366183740745041
3107,0.11366183740745041
3108,0.11366183740745041
3109,0.11366183740745041
3110,0.11366183740745041
3111,0.11366183740745041
3112,0.11366183740745041
3113,0.11366183740745041
3114,0.5692199177377283
3115,0.5692199177377283
3116,0.5692199177377283
3117,0.5692199177377283
3118,0.5692199177377283
3119,0.5692199177377283
3120,0.5692199177377283
3121,0.5692199177377283
3122,0.5692199177377283
3123,0.3875396292870464
3124,0.3875396292870464
3125,0.3875396292870464
3126,0.2227970192075553
3127,0.2227970192075553
3128,0.2227970192075553
3129,0.1956516462904597
3130,0.1956516462904597
3131,0.1956516462904597
3132,0.07599769432324525
3133,0.07599769432324525
3134,0.07599769432324525
3135,0.07599769432324525
3136,0.07599769432324525
3137,0.07599769432324525
3138,0.07599769432324525
3139,0.07599769432324525
3140,0.07599769432324525
3141,0.41951665371747465
3142,0.41951665371747465
3143,0.41951665371747465
3144,0.41951665371747465
3145,0.41951665371747465
3146,0.41951665371747465
3147,0.41951665371747465
3148,0.41951665371747465
3149,0.41951665371747465
3150,0.2585084452918198
3151,0.2585084452918198
3152,0.2585084452918198
3153,0.11538362704558293
3154,0.11538362704558293
3155,0.11538362704558293
3156,0.10780896016257077
3157,0.10780896016257077
3158,0.10780896016257077
3159,0.08981647403826092
3160,0.08981647403826092
3161,0.08981647403826092
3162,0.08981647403826092
3163,0.08981647403826092
3164,0.08981647403826092
3165,0.08981647403826092
3166,0.08981647403826092
3167,0.08981647403826092
3168,0.44631814412898907
3169,0.44631814412898907
3170,0.44631814412898907
3171,0.44631814412898907
3172,0.44631814412898907
3173,0.44631814412898907
3174,0.44631814412898907
3175,0.44631814412898907
3176,0.44631814412898907
3177,0.28535141281830967
3178,0.28535141281830967
3179,0.28535141281830967
3180,0.1927231601257532
3181,0.1927231601257532
3182,0.1927231601257532
3183,0.15859243790656252
3184,0.15859243790656252
3185,0.15859243790656252
3186,0.08204191365150898
3187,0.08204191365150898
3188,0.08204191365150898
3189,0.08204191365150898
3190,0.08204191365150898
3191,0.08204191365150898
3192,0.08204191365150898
3193,0.08204191365150898
3194,0.08204191365150898
3195,0.3191016386050042
3196,0.3191016386050042
3197,0.3191016386050042
3198,0.3191016386050042
3199,0.3191016386050042
3200,0.3191016386050042
3201,0.3191016386050042
3202,0.3191016386050042
